source,target
ベンチャービジネス概論_0,ベンチャービジネス概論_1
ベンチャービジネス概論_0,ベンチャービジネス概論_6
ベンチャービジネス概論_0,ベンチャービジネス概論_11
ベンチャービジネス概論_0,ベンチャービジネス概論_16
ベンチャービジネス概論_0,ベンチャービジネス概論_21
ベンチャービジネス概論_0,ベンチャービジネス概論_26
ベンチャービジネス概論_1,ベンチャービジネス概論_2
ベンチャービジネス概論_1,ベンチャービジネス概論_3
ベンチャービジネス概論_1,ベンチャービジネス概論_4
ベンチャービジネス概論_1,ベンチャービジネス概論_5
ベンチャービジネス概論_6,ベンチャービジネス概論_7
ベンチャービジネス概論_6,ベンチャービジネス概論_8
ベンチャービジネス概論_6,ベンチャービジネス概論_9
ベンチャービジネス概論_6,ベンチャービジネス概論_10
ベンチャービジネス概論_11,ベンチャービジネス概論_12
ベンチャービジネス概論_11,ベンチャービジネス概論_13
ベンチャービジネス概論_11,ベンチャービジネス概論_14
ベンチャービジネス概論_11,ベンチャービジネス概論_15
ベンチャービジネス概論_16,ベンチャービジネス概論_17
ベンチャービジネス概論_16,ベンチャービジネス概論_18
ベンチャービジネス概論_16,ベンチャービジネス概論_19
ベンチャービジネス概論_16,ベンチャービジネス概論_20
ベンチャービジネス概論_21,ベンチャービジネス概論_22
ベンチャービジネス概論_21,ベンチャービジネス概論_23
ベンチャービジネス概論_21,ベンチャービジネス概論_24
ベンチャービジネス概論_21,ベンチャービジネス概論_25
ベンチャービジネス概論_26,ベンチャービジネス概論_27
ベンチャービジネス概論_26,ベンチャービジネス概論_28
ベンチャービジネス概論_26,ベンチャービジネス概論_29
